GnP,E_c1_lower,E_c1_upper,E_c2_lower,E_c2_upper,alpha_1_lower,alpha_1_upper,alpha_2_lower,alpha_2_upper
0.0GnP,2706.518364143242,2801.6610652783634,336.01599675247115,347.82802432973847,0.3085886480554093,0.316501222108878,0.05410531617435117,0.06011620155694404
0.5GnP,2396.21131991791,2474.1917028921853,277.37033590723615,286.39685407779996,0.30740370243783444,0.3142978134113042,0.06062601226564563,0.0670418169514603
1.0GnP,2748.4385770571944,2851.4481744304126,335.713631867942,348.29594909347185,0.30255280264113904,0.3104300539852585,0.05739340891347156,0.06355083146914658
1.5GnP,2170.0642678462755,2235.7447905991567,297.0713076562453,306.0626537056916,0.30872765023220233,0.31560274060138543,0.06797882588355349,0.0739276412708026
