GnP,log_mse_Ep_opt,log_mse_Epp_opt,log_mse_Ep_MCMC_mean,log_mse_Epp_MCMC_mean,log_mse_Ep_MCMC_map,log_mse_Epp_MCMC_map,log_mse_opt,log_mse_MCMC_mean,log_mse_MCMC_map,relative_error_opt,relative_error_MCMC_mean,relative_error_MCMC_map
0.0GnP,0.00820265260481243,0.04500233124417905,0.005853076753579988,0.04708192871888212,0.005847390656976877,0.04712602237381272,0.05320498384899148,0.05293500547246211,0.05297341303078959,3.52700018865369,3.51804026848675,3.519316312903604
0.5GnP,0.008005045717693891,0.05027919341295939,0.006231781540457001,0.05626664810208373,0.006215767667311062,0.0564085009256461,0.05828423913065328,0.06249842964254075,0.06262426859295715,3.6741236352947695,3.804632849227923,3.808461187406198
1.0GnP,0.009018794598626029,0.036754330967440345,0.005732496398281625,0.04122712037567234,0.0057159046600735244,0.04134291548250074,0.04577312556606636,0.046959616773953966,0.04705882014257427,3.008827370866184,3.047573993169168,3.0507913331488328
1.5GnP,0.007694592046751688,0.0340583133747823,0.004873454254708686,0.03786407012493711,0.00485856574977807,0.03797664540186628,0.04175290542153399,0.04273752437964579,0.04283521115164436,3.0738213348179206,3.1098536426127272,3.113405768868256
