GnP,E_c1,alpha_1,E_c2,alpha_2,sigma_Ep,sigma_Epp
0.0GnP,27002.128052133055,27042.717428622538,27002.128052133055,29110.968852749593,27906.50849810312,29526.43962082787
0.5GnP,24531.089262997386,26878.65876846429,24531.089262997386,30058.866153884548,26669.16577911569,28559.72726013426
1.0GnP,29069.445660916805,30613.894435175294,29069.445660916805,29799.359545726507,29054.915705333584,31605.56653206306
1.5GnP,27798.64746057748,28234.644921030907,27798.64746057748,29098.423417248043,28716.685591069803,30541.88043732395
