GnP,E_c1_lower,E_c1_upper,E_c2_lower,E_c2_upper,alpha_1_lower,alpha_1_upper,alpha_2_lower,alpha_2_upper
0.0GnP,2617.9108980384303,2812.0581173665537,59.78638164595057,64.22020701370793,0.4128613274230118,0.4270650078007923,0.07601162099674402,0.08275405036358775
0.5GnP,3052.975615265477,3282.8511532844577,49.942360758122824,53.702799260090096,0.41578535964917424,0.4307565271934035,0.05114517081875693,0.05801820135199196
1.0GnP,2665.9985665149943,2840.460983735551,109.48014843071817,116.6445076215996,0.3785288088769354,0.39298277064949144,0.07949518569664188,0.08630648608984734
1.5GnP,2622.3702577540603,2795.1358992539294,65.42405068572063,69.73428416736445,0.4082793524550834,0.4215175713780554,0.06992188612513935,0.07616221423925168
