GnP,log_mse_Ep_opt,log_mse_Epp_opt,log_mse_Ep_MCMC_mean,log_mse_Epp_MCMC_mean,log_mse_Ep_MCMC_map,log_mse_Epp_MCMC_map,log_mse_opt,log_mse_MCMC_mean,log_mse_MCMC_map,relative_error_opt,relative_error_MCMC_mean,relative_error_MCMC_map
0.0GnP,0.0074575084708338926,0.014874581308843891,0.004113764431229932,0.018455453566722742,0.00408084270734678,0.018600786175538758,0.022332089779677787,0.02256921799795267,0.022681628882885538,2.285041056250494,2.2971406164394184,2.302854214338841
0.5GnP,0.005184898509640055,0.010562500411577318,0.003979495643541762,0.011254464066409411,0.003966035182273197,0.011292323595319334,0.015747398921217376,0.015233959709951176,0.015258358777592535,1.909776809431532,1.8783849589452764,1.879888589855589
1.0GnP,0.006892653175084779,0.009532048374142383,0.0034260162440261973,0.014749480160288432,0.0032950926412511797,0.015320126610417565,0.01642470154922716,0.018175496404314633,0.01861521925166874,1.802356637202302,1.8959860048566042,1.9187838950658385
1.5GnP,0.008307540929691982,0.012286443540390874,0.004975931514637081,0.01567981610878718,0.004920208345907358,0.015854054067465703,0.020593984470082857,0.02065574762342426,0.020774262413373063,2.1587654571616492,2.16200019648777,2.1681936908704027
