GnP,E_c1,alpha_1,E_c2,alpha_2,sigma_Ep,sigma_Epp
0.0GnP,12932.689324413674,14652.835333010027,12932.689324413674,14257.314693428963,13527.87980132931,14608.325825943923
0.5GnP,13793.31444758463,12690.63488861282,13793.31444758463,15448.348280033399,14714.975408046217,14795.526748461478
1.0GnP,11199.20186096334,13837.037202282956,11199.20186096334,12503.14109272076,13291.223374152903,13943.888153774558
1.5GnP,13100.962176099743,12870.382967134294,13100.962176099743,14672.673373585336,13252.03981048234,13592.30218190122
