GnP,E_c1,alpha_1,E_c2,alpha_2,sigma_Ep,sigma_Epp
0.0GnP,0.25396695260687774,2.7883738244371678e-05,0.009183003444962864,1.2319695818345459e-05,4.8232038948460344e-05,9.716800272682066e-05
0.5GnP,0.23966419931097768,2.7689847976297547e-05,0.0070249876485665155,1.0111913379818003e-05,4.348698842192118e-05,7.43554135793453e-05
1.0GnP,0.27056578180040963,2.9901796031206613e-05,0.018762614203994686,1.4675467652778411e-05,6.858578633543006e-05,0.00012826364729859435
1.5GnP,0.2851812556253588,2.9652906660736963e-05,0.011227570288208866,1.4165064009494642e-05,5.75210280614913e-05,9.775515434018324e-05
