GnP,E_c1,alpha_1,E_c2,alpha_2,sigma_Ep,sigma_Epp,tau_c1,tau_c2,beta_1
0.0GnP,2038.0730165787875,0.4785510471920477,73.69317677051977,0.09505972717800394,0.06630996573326871,0.13898937494294406,0.7462450102417,3.92443979132924,0.0232490880204638
0.5GnP,2423.9489572691023,0.4842466364377933,71.05029259491562,0.07987721947836887,0.0650117168179354,0.1086183228582302,0.8208,4.7942,0.0176
1.0GnP,2052.7231154025285,0.46046735566468705,142.34782989051791,0.10303454649553698,0.06088718030021355,0.12434646591490571,2.0388,7.7422,0.0248
1.5GnP,2080.4935855603426,0.46835633112753966,81.90891759286201,0.09000279043498369,0.07292276660745078,0.12863203800455977,0.6926,3.4906,0.0246
