GnP,E_c1_lower,E_c1_upper,E_c2_lower,E_c2_upper,alpha_1_lower,alpha_1_upper,alpha_2_lower,alpha_2_upper
0.0GnP,1982.2397347055955,2093.3633106363422,71.67434237288553,75.69237767280984,0.47171705389862956,0.4854823268723437,0.092267299948303,0.09796462943262267
0.5GnP,2370.2842063663616,2476.971594920525,69.47728246933578,72.60448122912354,0.47773440573963055,0.49057277617342543,0.07750650722023357,0.08236509297325513
1.0GnP,2000.8079609287445,2106.399772556679,138.74772935950935,146.07008332272147,0.45286398584960774,0.46817110487493074,0.10011157443874616,0.10603963524054352
1.5GnP,2022.7637736924357,2139.431701408665,79.6360980870685,84.22930795965019,0.46117250042965663,0.4753744039313967,0.08682370658179514,0.09312246619427278
