GnP,E_c1,alpha_1,E_c2,alpha_2,sigma_Ep,sigma_Epp
0.0GnP,32143.51770477207,30754.282322619365,32143.51770477207,31469.658170691382,31347.203247973557,32088.42286461854
0.5GnP,32539.31288784899,32521.212824881488,32539.31288784899,30962.52444651793,32143.193198971316,28091.779211108653
1.0GnP,31289.395969130514,33129.38541241007,31289.395969130514,29986.15727802844,31646.233300167154,28815.458702788634
1.5GnP,23880.14710834283,26542.149997792832,23880.14710834283,33958.32894957105,25445.13679123879,26115.55416715971
