GnP,E_c1,alpha_1,E_c2,alpha_2,sigma_Ep,sigma_Epp
0.0GnP,0.09698570590458686,8.711176256498744e-06,0.02223828424746605,5.133516808825609e-06,2.929024891100752e-05,2.720739687952837e-05
0.5GnP,0.10034055166883513,9.699832943897639e-06,0.025221441066975187,6.210534964480525e-06,3.208002795240736e-05,3.145078965579336e-05
1.0GnP,0.11221538697492613,7.670975541842848e-06,0.027112383370767143,6.605690740779059e-06,3.0232729651697546e-05,3.475650153944826e-05
1.5GnP,0.21387385619441418,1.1658099253774219e-05,0.03150848106065062,8.454829011724925e-06,4.0377172123603514e-05,7.023829420299951e-05
