GnP,E_c1,alpha_1,E_c2,alpha_2,sigma_Ep,sigma_Epp,tau_c1,tau_c2
0.0GnP,2607.029257101457,0.24161567313106208,597.7773437862912,0.03679494572037239,0.060759459769083424,0.058099127716987206,0.687507686500632,1.43575648010919
0.5GnP,2435.210975922644,0.23922510388692275,612.1107477821491,0.03992834402391788,0.06514937222307687,0.06332553676561632,1.03273757735402,2.05988641443654
1.0GnP,2806.532407235809,0.2235724049660143,678.08688824877,0.043731047444399825,0.06112649055578406,0.06831111540701731,0.458710854715148,0.933214277393875
1.5GnP,2539.395304659927,0.18835523395240233,374.11065702976816,0.011987513425796454,0.06457609320031907,0.11211815470622277,0.174463778122388,0.454538201664844
