GnP,E_c1_lower,E_c1_upper,E_c2_lower,E_c2_upper,alpha_1_lower,alpha_1_upper,alpha_2_lower,alpha_2_upper
0.0GnP,2575.7739977911556,2637.8894354996746,590.6106862434309,604.8534114680816,0.23871827899870696,0.2444132524417125,0.03478776207924488,0.03876935549846413
0.5GnP,2403.0563778354012,2466.1348876938164,604.0284192798476,619.8837329344641,0.23621586931073751,0.2424611474050528,0.03764265245950917,0.042077189307959825
1.0GnP,2769.6770574703464,2842.302407101942,669.1822594002485,686.7292854786579,0.22065006549282995,0.22645037594115902,0.04146539107571159,0.0459646688243704
1.5GnP,2484.3742662660848,2596.0237048390654,366.0048072685247,382.45330772250827,0.1849866560066655,0.19165057696369006,0.009609489475249889,0.01435461715057917
